<?xml version="1.0" encoding="UTF-8" standalone="yes"?>
<dpiva xmlns="http://www.at.gov.pt/schemas/dpiva" version="06">
	<rosto>
		<apuramento>
			<btBensUETotal>0</btBensUETotal>
			<btTaxaNormal>1593000</btTaxaNormal>
			<btTotal>1593000</btTotal>
			<ivaAEntregar>352921</ivaAEntregar>
			<ivaARecuperar>0</ivaARecuperar>
			<ivaBensUETotal>0</ivaBensUETotal>
			<ivaDedutivelAnexosRTotal>0</ivaDedutivelAnexosRTotal>
			<ivaDedutivelImobilizado>7696</ivaDedutivelImobilizado>
			<ivaDedutivelOutros>5773</ivaDedutivelOutros>
			<ivaDedutivelTotal>13469</ivaDedutivelTotal>
			<ivaFavorEstadoTotal>366390</ivaFavorEstadoTotal>
			<ivaFavorSujPassivoTotal>13469</ivaFavorSujPassivoTotal>
			<ivaTaxaNormal>366390</ivaTaxaNormal>
			<temOperacoesAdquirenteComLiqImposto>02</temOperacoesAdquirenteComLiqImposto>
		</apuramento>
		<desenvolvimento>
			<totalQuadro06A>0</totalQuadro06A>
		</desenvolvimento>
		<inicio>
			<anoDeclaracao>2024</anoDeclaracao>
			<apresentouDeclRecapitulativa>false</apresentouDeclRecapitulativa>
			<atividadesImobiliarias>false</atividadesImobiliarias>
			<localizacaoSede>1</localizacaoSede>
			<nif>315300752</nif>
			<periodoDeclaracao>06T</periodoDeclaracao>
			<prazo>1</prazo>
			<temAnexoRAcores>false</temAnexoRAcores>
			<temAnexoRContinente>false</temAnexoRContinente>
			<temAnexoRMadeira>false</temAnexoRMadeira>
		</inicio>
	</rosto>
</dpiva>